學年別,縣市別,總計計,總計1年級,總計2年級,總計3年級,總計4年級,國立計,國立1年級,國立2年級,國立3年級,國立4年級,直轄市立計,直轄市立1年級,直轄市立2年級,直轄市立3年級,直轄市立4年級,縣市立計,縣市立1年級,縣市立2年級,縣市立3年級,縣市立4年級,私立計,私立1年級,私立2年級,私立3年級,私立4年級
106學年,總計,8605,2761,2899,2942,3,2497,840,838,819,-,1341,463,441,437,-,27,11,10,6,-,4740,1447,1610,1680,3
106學年,新北市,984,319,325,337,3,-,-,-,-,-,307,108,100,99,-,-,-,-,-,-,677,211,225,238,3
106學年,臺北市,957,298,326,333,-,21,7,7,7,-,390,130,130,130,-,-,-,-,-,-,546,161,189,196,-
106學年,桃園市,865,286,293,286,-,162,55,54,53,-,30,10,10,10,-,-,-,-,-,-,673,221,229,223,-
106學年,臺中市,1259,387,432,440,-,48,16,16,16,-,358,120,120,118,-,-,-,-,-,-,853,251,296,306,-
106學年,臺南市,644,206,219,219,-,358,123,122,113,-,-,-,-,-,-,-,-,-,-,-,286,83,97,106,-
106學年,高雄市,1039,351,339,349,-,159,53,53,53,-,256,95,81,80,-,-,-,-,-,-,624,203,205,216,-
106學年,宜蘭縣,141,45,48,48,-,141,45,48,48,-,-,-,-,-,-,-,-,-,-,-,-,-,-,-,-
106學年,新竹縣,141,45,47,49,-,24,8,8,8,-,-,-,-,-,-,6,2,2,2,-,111,35,37,39,-
106學年,苗栗縣,258,81,88,89,-,132,44,44,44,-,-,-,-,-,-,10,5,4,1,-,116,32,40,44,-
106學年,彰化縣,485,149,164,172,-,322,111,107,104,-,-,-,-,-,-,-,-,-,-,-,163,38,57,68,-
106學年,南投縣,252,83,83,86,-,193,64,64,65,-,-,-,-,-,-,-,-,-,-,-,59,19,19,21,-
106學年,雲林縣,265,81,95,89,-,157,54,55,48,-,-,-,-,-,-,-,-,-,-,-,108,27,40,41,-
106學年,嘉義縣,135,45,45,45,-,53,18,17,18,-,-,-,-,-,-,-,-,-,-,-,82,27,28,27,-
106學年,屏東縣,277,88,91,98,-,169,56,56,57,-,-,-,-,-,-,-,-,-,-,-,108,32,35,41,-
106學年,臺東縣,92,32,31,29,-,63,22,21,20,-,-,-,-,-,-,-,-,-,-,-,29,10,10,9,-
106學年,花蓮縣,160,54,54,52,-,138,46,47,45,-,-,-,-,-,-,2,1,1,-,-,20,7,6,7,-
106學年,澎湖縣,57,18,19,20,-,57,18,19,20,-,-,-,-,-,-,-,-,-,-,-,-,-,-,-,-
106學年,基隆市,177,55,60,62,-,78,26,26,26,-,-,-,-,-,-,-,-,-,-,-,99,29,34,36,-
106學年,新竹市,147,49,49,49,-,48,16,16,16,-,-,-,-,-,-,9,3,3,3,-,90,30,30,30,-
106學年,嘉義市,234,77,79,78,-,138,46,46,46,-,-,-,-,-,-,-,-,-,-,-,96,31,33,32,-
106學年,金門縣,36,12,12,12,-,36,12,12,12,-,-,-,-,-,-,-,-,-,-,-,-,-,-,-,-
106學年,連江縣,-,-,-,-,-,-,-,-,-,-,-,-,-,-,-,-,-,-,-,-,-,-,-,-,-
105學年,總計,8761,2933,2944,2880,4,2813,954,935,924,-,958,325,321,312,-,23,10,7,6,-,4967,1644,1681,1638,4
105學年,新北市,1009,334,339,332,4,-,-,-,-,-,297,100,99,98,-,-,-,-,-,-,712,234,240,234,4
105學年,臺北市,999,337,334,328,-,21,7,7,7,-,390,130,130,130,-,-,-,-,-,-,588,200,197,191,-
105學年,桃園市,866,294,286,286,-,161,54,53,54,-,30,10,10,10,-,-,-,-,-,-,675,230,223,222,-
105學年,臺中市,1312,434,441,437,-,396,132,132,132,-,8,4,2,2,-,-,-,-,-,-,908,298,307,303,-
105學年,臺南市,660,223,219,218,-,348,122,113,113,-,-,-,-,-,-,-,-,-,-,-,312,101,106,105,-
105學年,高雄市,1021,342,349,330,-,157,53,53,51,-,233,81,80,72,-,-,-,-,-,-,631,208,216,207,-
105學年,宜蘭縣,144,48,48,48,-,144,48,48,48,-,-,-,-,-,-,-,-,-,-,-,-,-,-,-,-
105學年,新竹縣,142,48,49,45,-,24,8,8,8,-,-,-,-,-,-,6,2,2,2,-,112,38,39,35,-
105學年,苗栗縣,257,88,88,81,-,132,44,44,44,-,-,-,-,-,-,5,4,1,-,-,120,40,43,37,-
105學年,彰化縣,509,165,172,172,-,316,107,104,105,-,-,-,-,-,-,-,-,-,-,-,193,58,68,67,-
105學年,南投縣,249,85,86,78,-,189,64,65,60,-,-,-,-,-,-,-,-,-,-,-,60,21,21,18,-
105學年,雲林縣,269,93,87,89,-,153,55,48,50,-,-,-,-,-,-,-,-,-,-,-,116,38,39,39,-
105學年,嘉義縣,136,45,45,46,-,53,17,18,18,-,-,-,-,-,-,-,-,-,-,-,83,28,27,28,-
105學年,屏東縣,282,92,98,92,-,167,56,57,54,-,-,-,-,-,-,-,-,-,-,-,115,36,41,38,-
105學年,臺東縣,88,31,29,28,-,59,21,20,18,-,-,-,-,-,-,-,-,-,-,-,29,10,9,10,-
105學年,花蓮縣,160,54,53,53,-,136,47,45,44,-,-,-,-,-,-,3,1,1,1,-,21,6,7,8,-
105學年,澎湖縣,57,19,20,18,-,57,19,20,18,-,-,-,-,-,-,-,-,-,-,-,-,-,-,-,-
105學年,基隆市,185,60,62,63,-,78,26,26,26,-,-,-,-,-,-,-,-,-,-,-,107,34,36,37,-
105學年,新竹市,147,50,49,48,-,48,16,16,16,-,-,-,-,-,-,9,3,3,3,-,90,31,30,29,-
105學年,嘉義市,233,79,78,76,-,138,46,46,46,-,-,-,-,-,-,-,-,-,-,-,95,33,32,30,-
105學年,金門縣,36,12,12,12,-,36,12,12,12,-,-,-,-,-,-,-,-,-,-,-,-,-,-,-,-
105學年,連江縣,-,-,-,-,-,-,-,-,-,-,-,-,-,-,-,-,-,-,-,-,-,-,-,-,-
104學年,總計,8760,2973,2901,2861,25,2768,935,924,909,-,962,321,312,308,21,16,6,5,5,-,5014,1711,1660,1639,4
104學年,新北市,1033,348,340,341,4,-,-,-,-,-,293,99,98,96,-,-,-,-,-,-,740,249,242,245,4
104學年,臺北市,1024,339,329,335,21,21,7,7,7,-,410,130,130,129,21,-,-,-,-,-,593,202,192,199,-
104學年,桃園市,840,287,284,269,-,160,53,54,53,-,30,10,10,10,-,-,-,-,-,-,650,224,220,206,-
104學年,臺中市,1295,441,437,417,-,396,132,132,132,-,6,2,2,2,-,-,-,-,-,-,893,307,303,283,-
104學年,臺南市,661,220,218,223,-,339,113,113,113,-,-,-,-,-,-,-,-,-,-,-,322,107,105,110,-
104學年,高雄市,1017,351,335,331,-,155,53,51,51,-,223,80,72,71,-,-,-,-,-,-,639,218,212,209,-
104學年,宜蘭縣,144,48,48,48,-,144,48,48,48,-,-,-,-,-,-,-,-,-,-,-,-,-,-,-,-
104學年,新竹縣,140,49,45,46,-,24,8,8,8,-,-,-,-,-,-,6,2,2,2,-,110,39,35,36,-
104學年,苗栗縣,248,88,81,79,-,132,44,44,44,-,-,-,-,-,-,1,1,-,-,-,115,43,37,35,-
104學年,彰化縣,514,172,172,170,-,311,104,105,102,-,-,-,-,-,-,-,-,-,-,-,203,68,67,68,-
104學年,南投縣,248,87,80,81,-,186,65,60,61,-,-,-,-,-,-,-,-,-,-,-,62,22,20,20,-
104學年,雲林縣,266,87,90,89,-,148,48,50,50,-,-,-,-,-,-,-,-,-,-,-,118,39,40,39,-
104學年,嘉義縣,141,46,47,48,-,53,18,18,17,-,-,-,-,-,-,-,-,-,-,-,88,28,29,31,-
104學年,屏東縣,286,101,93,92,-,161,57,54,50,-,-,-,-,-,-,-,-,-,-,-,125,44,39,42,-
104學年,臺東縣,83,29,28,26,-,54,20,18,16,-,-,-,-,-,-,-,-,-,-,-,29,9,10,10,-
104學年,花蓮縣,159,54,55,50,-,128,45,44,39,-,-,-,-,-,-,-,-,-,-,-,31,9,11,11,-
104學年,澎湖縣,56,20,18,18,-,56,20,18,18,-,-,-,-,-,-,-,-,-,-,-,-,-,-,-,-
104學年,基隆市,191,65,64,62,-,78,26,26,26,-,-,-,-,-,-,-,-,-,-,-,113,39,38,36,-
104學年,新竹市,146,50,48,48,-,48,16,16,16,-,-,-,-,-,-,9,3,3,3,-,89,31,29,29,-
104學年,嘉義市,232,79,77,76,-,138,46,46,46,-,-,-,-,-,-,-,-,-,-,-,94,33,31,30,-
104學年,金門縣,36,12,12,12,-,36,12,12,12,-,-,-,-,-,-,-,-,-,-,-,-,-,-,-,-
104學年,連江縣,-,-,-,-,-,-,-,-,-,-,-,-,-,-,-,-,-,-,-,-,-,-,-,-,-
103學年,總計,8810,2926,2876,2982,26,2741,924,909,908,-,935,302,298,314,21,45,15,15,15,-,5089,1685,1654,1745,5
103學年,新北市,1035,341,342,347,5,-,-,-,-,-,290,98,96,96,-,-,-,-,-,-,745,243,246,251,5
103學年,臺北市,1053,334,337,361,21,21,7,7,7,-,427,130,129,147,21,-,-,-,-,-,605,197,201,207,-
103學年,臺中市,1279,437,417,425,-,395,132,132,131,-,6,2,2,2,-,-,-,-,-,-,878,303,283,292,-
103學年,臺南市,692,224,226,242,-,338,113,113,112,-,-,-,-,-,-,-,-,-,-,-,354,111,113,130,-
103學年,高雄市,1029,338,333,358,-,153,51,51,51,-,212,72,71,69,-,-,-,-,-,-,664,215,211,238,-
103學年,宜蘭縣,144,48,48,48,-,144,48,48,48,-,-,-,-,-,-,-,-,-,-,-,-,-,-,-,-
103學年,桃園縣,828,284,271,273,-,160,54,53,53,-,-,-,-,-,-,30,10,10,10,-,638,220,208,210,-
103學年,新竹縣,140,45,46,49,-,24,8,8,8,-,-,-,-,-,-,6,2,2,2,-,110,35,36,39,-
103學年,苗栗縣,252,85,83,84,-,132,44,44,44,-,-,-,-,-,-,-,-,-,-,-,120,41,39,40,-
103學年,彰化縣,524,173,170,181,-,311,105,102,104,-,-,-,-,-,-,-,-,-,-,-,213,68,68,77,-
103學年,南投縣,240,81,81,78,-,178,60,61,57,-,-,-,-,-,-,-,-,-,-,-,62,21,20,21,-
103學年,雲林縣,268,92,89,87,-,148,50,50,48,-,-,-,-,-,-,-,-,-,-,-,120,42,39,39,-
103學年,嘉義縣,146,48,48,50,-,53,18,17,18,-,-,-,-,-,-,-,-,-,-,-,93,30,31,32,-
103學年,屏東縣,285,94,93,98,-,155,54,50,51,-,-,-,-,-,-,-,-,-,-,-,130,40,43,47,-
103學年,臺東縣,78,28,26,24,-,48,18,16,14,-,-,-,-,-,-,-,-,-,-,-,30,10,10,10,-
103學年,花蓮縣,150,52,48,50,-,124,44,39,41,-,-,-,-,-,-,-,-,-,-,-,26,8,9,9,-
103學年,澎湖縣,56,18,18,20,-,56,18,18,20,-,-,-,-,-,-,-,-,-,-,-,-,-,-,-,-
103學年,基隆市,192,65,62,65,-,80,26,26,28,-,-,-,-,-,-,-,-,-,-,-,112,39,36,37,-
103學年,新竹市,148,49,48,51,-,48,16,16,16,-,-,-,-,-,-,9,3,3,3,-,91,30,29,32,-
103學年,嘉義市,235,78,78,79,-,137,46,46,45,-,-,-,-,-,-,-,-,-,-,-,98,32,32,34,-
103學年,金門縣,36,12,12,12,-,36,12,12,12,-,-,-,-,-,-,-,-,-,-,-,-,-,-,-,-
103學年,連江縣,-,-,-,-,-,-,-,-,-,-,-,-,-,-,-,-,-,-,-,-,-,-,-,-,-
102學年,總計,8881,2903,2997,2956,25,2717,910,908,899,-,947,298,314,314,21,39,15,15,9,-,5178,1680,1760,1734,4
102學年,新北市,1057,350,354,349,4,-,-,-,-,-,289,96,96,97,-,-,-,-,-,-,768,254,258,252,4
102學年,臺北市,1100,343,363,373,21,21,7,7,7,-,444,129,147,147,21,-,-,-,-,-,635,207,209,219,-
102學年,臺中市,1254,417,425,412,-,393,132,131,130,-,4,2,2,-,-,-,-,-,-,-,857,283,292,282,-
102學年,臺南市,708,229,244,235,-,336,113,112,111,-,-,-,-,-,-,-,-,-,-,-,372,116,132,124,-
102學年,高雄市,1051,337,358,356,-,153,51,51,51,-,210,71,69,70,-,-,-,-,-,-,688,215,238,235,-
102學年,宜蘭縣,144,48,48,48,-,144,48,48,48,-,-,-,-,-,-,-,-,-,-,-,-,-,-,-,-
102學年,桃園縣,801,271,273,257,-,160,53,53,54,-,-,-,-,-,-,24,10,10,4,-,617,208,210,199,-
102學年,新竹縣,142,46,49,47,-,24,8,8,8,-,-,-,-,-,-,6,2,2,2,-,112,36,39,37,-
102學年,苗栗縣,247,82,84,81,-,128,44,44,40,-,-,-,-,-,-,-,-,-,-,-,119,38,40,41,-
102學年,彰化縣,536,170,181,185,-,311,102,104,105,-,-,-,-,-,-,-,-,-,-,-,225,68,77,80,-
102學年,南投縣,233,81,77,75,-,174,61,57,56,-,-,-,-,-,-,-,-,-,-,-,59,20,20,19,-
102學年,雲林縣,273,91,89,93,-,148,50,48,50,-,-,-,-,-,-,-,-,-,-,-,125,41,41,43,-
102學年,嘉義縣,146,48,50,48,-,53,17,18,18,-,-,-,-,-,-,-,-,-,-,-,93,31,32,30,-
102學年,屏東縣,290,94,99,97,-,151,51,51,49,-,-,-,-,-,-,-,-,-,-,-,139,43,48,48,-
102學年,臺東縣,71,26,24,21,-,43,16,14,13,-,-,-,-,-,-,-,-,-,-,-,28,10,10,8,-
102學年,花蓮縣,147,48,50,49,-,120,39,41,40,-,-,-,-,-,-,-,-,-,-,-,27,9,9,9,-
102學年,澎湖縣,56,18,20,18,-,56,18,20,18,-,-,-,-,-,-,-,-,-,-,-,-,-,-,-,-
102學年,基隆市,197,62,65,70,-,82,26,28,28,-,-,-,-,-,-,-,-,-,-,-,115,36,37,42,-
102學年,新竹市,151,49,51,51,-,48,16,16,16,-,-,-,-,-,-,9,3,3,3,-,94,30,32,32,-
102學年,嘉義市,241,81,81,79,-,136,46,45,45,-,-,-,-,-,-,-,-,-,-,-,105,35,36,34,-
102學年,金門縣,36,12,12,12,-,36,12,12,12,-,-,-,-,-,-,-,-,-,-,-,-,-,-,-,-
102學年,連江縣,-,-,-,-,-,-,-,-,-,-,-,-,-,-,-,-,-,-,-,-,-,-,-,-,-
101學年,總計,8932,3015,2974,2917,26,2935,986,979,970,-,729,236,235,237,21,26,15,9,2,-,5242,1778,1751,1708,5
101學年,新北市,1060,357,355,343,5,235,78,79,78,-,54,18,18,18,-,-,-,-,-,-,771,261,258,247,5
101學年,臺北市,1137,368,376,372,21,21,7,7,7,-,464,147,147,149,21,-,-,-,-,-,652,214,222,216,-
101學年,臺中市,1237,425,412,400,-,391,131,130,130,-,2,2,-,-,-,-,-,-,-,-,844,292,282,270,-
101學年,臺南市,709,245,236,228,-,331,112,111,108,-,-,-,-,-,-,-,-,-,-,-,378,133,125,120,-
101學年,高雄市,1078,362,358,358,-,153,51,51,51,-,209,69,70,70,-,-,-,-,-,-,716,242,237,237,-
101學年,宜蘭縣,144,48,48,48,-,144,48,48,48,-,-,-,-,-,-,-,-,-,-,-,-,-,-,-,-
101學年,桃園縣,778,273,257,248,-,160,53,54,53,-,-,-,-,-,-,14,10,4,-,-,604,210,199,195,-
101學年,新竹縣,150,49,47,54,-,24,8,8,8,-,-,-,-,-,-,6,2,2,2,-,120,39,37,44,-
101學年,苗栗縣,248,86,82,80,-,124,44,40,40,-,-,-,-,-,-,-,-,-,-,-,124,42,42,40,-
101學年,彰化縣,549,181,185,183,-,311,104,105,102,-,-,-,-,-,-,-,-,-,-,-,238,77,80,81,-
101學年,南投縣,224,77,75,72,-,169,57,56,56,-,-,-,-,-,-,-,-,-,-,-,55,20,19,16,-
101學年,雲林縣,266,88,93,85,-,148,48,50,50,-,-,-,-,-,-,-,-,-,-,-,118,40,43,35,-
101學年,嘉義縣,153,50,50,53,-,53,18,18,17,-,-,-,-,-,-,-,-,-,-,-,100,32,32,36,-
101學年,屏東縣,291,99,97,95,-,151,51,50,50,-,-,-,-,-,-,-,-,-,-,-,140,48,47,45,-
101學年,臺東縣,66,24,21,21,-,40,14,13,13,-,-,-,-,-,-,-,-,-,-,-,26,10,8,8,-
101學年,花蓮縣,149,50,49,50,-,122,41,40,41,-,-,-,-,-,-,-,-,-,-,-,27,9,9,9,-
101學年,澎湖縣,56,20,18,18,-,56,20,18,18,-,-,-,-,-,-,-,-,-,-,-,-,-,-,-,-
101學年,基隆市,214,69,72,73,-,84,28,28,28,-,-,-,-,-,-,-,-,-,-,-,130,41,44,45,-
101學年,新竹市,150,51,51,48,-,50,16,16,18,-,-,-,-,-,-,6,3,3,-,-,94,32,32,30,-
101學年,嘉義市,237,81,80,76,-,132,45,45,42,-,-,-,-,-,-,-,-,-,-,-,105,36,35,34,-
101學年,金門縣,36,12,12,12,-,36,12,12,12,-,-,-,-,-,-,-,-,-,-,-,-,-,-,-,-
101學年,連江縣,-,-,-,-,-,-,-,-,-,-,-,-,-,-,-,-,-,-,-,-,-,-,-,-,-
100學年,總計,8847,3012,2939,2871,25,2915,979,970,966,-,729,235,237,236,21,13,9,2,2,-,5190,1789,1730,1667,4
100學年,新北市,1049,358,346,341,4,234,79,78,77,-,54,18,18,18,-,-,-,-,-,-,761,261,250,246,4
100學年,臺北市,1167,393,380,373,21,21,7,7,7,-,466,147,149,149,21,-,-,-,-,-,680,239,224,217,-
100學年,臺中市,1207,412,401,394,-,389,130,130,129,-,-,-,-,-,-,-,-,-,-,-,818,282,271,265,-
100學年,臺南市,692,238,229,225,-,326,111,108,107,-,-,-,-,-,-,-,-,-,-,-,366,127,121,118,-
100學年,高雄市,1075,366,362,347,-,153,51,51,51,-,209,70,70,69,-,-,-,-,-,-,713,245,241,227,-
100學年,宜蘭縣,144,48,48,48,-,144,48,48,48,-,-,-,-,-,-,-,-,-,-,-,-,-,-,-,-
100學年,桃園縣,739,257,248,234,-,160,54,53,53,-,-,-,-,-,-,4,4,-,-,-,575,199,195,181,-
100學年,新竹縣,156,47,54,55,-,24,8,8,8,-,-,-,-,-,-,6,2,2,2,-,126,37,44,45,-
100學年,苗栗縣,242,82,80,80,-,120,40,40,40,-,-,-,-,-,-,-,-,-,-,-,122,42,40,40,-
100學年,彰化縣,555,187,184,184,-,310,105,102,103,-,-,-,-,-,-,-,-,-,-,-,245,82,82,81,-
100學年,南投縣,211,75,72,64,-,162,56,56,50,-,-,-,-,-,-,-,-,-,-,-,49,19,16,14,-
100學年,雲林縣,264,94,86,84,-,148,50,50,48,-,-,-,-,-,-,-,-,-,-,-,116,44,36,36,-
100學年,嘉義縣,158,50,53,55,-,53,18,17,18,-,-,-,-,-,-,-,-,-,-,-,105,32,36,37,-
100學年,屏東縣,285,97,96,92,-,151,50,50,51,-,-,-,-,-,-,-,-,-,-,-,134,47,46,41,-
100學年,臺東縣,65,21,21,23,-,42,13,13,16,-,-,-,-,-,-,-,-,-,-,-,23,8,8,7,-
100學年,花蓮縣,152,50,51,51,-,122,40,41,41,-,-,-,-,-,-,-,-,-,-,-,30,10,10,10,-
100學年,澎湖縣,56,18,18,20,-,56,18,18,20,-,-,-,-,-,-,-,-,-,-,-,-,-,-,-,-
100學年,基隆市,219,73,74,72,-,84,28,28,28,-,-,-,-,-,-,-,-,-,-,-,135,45,46,44,-
100學年,新竹市,140,52,48,40,-,51,16,18,17,-,-,-,-,-,-,3,3,-,-,-,86,33,30,23,-
100學年,嘉義市,235,82,76,77,-,129,45,42,42,-,-,-,-,-,-,-,-,-,-,-,106,37,34,35,-
100學年,金門縣,36,12,12,12,-,36,12,12,12,-,-,-,-,-,-,-,-,-,-,-,-,-,-,-,-
100學年,連江縣,-,-,-,-,-,-,-,-,-,-,-,-,-,-,-,-,-,-,-,-,-,-,-,-,-
99學年,總計,8738,2984,2897,2831,26,2891,971,966,954,-,677,219,218,219,21,58,20,20,18,-,5112,1774,1693,1640,5
99學年,臺北市,1159,391,379,368,21,21,7,7,7,-,468,149,149,149,21,-,-,-,-,-,670,235,223,212,-
99學年,高雄市,655,228,222,205,-,-,-,-,-,-,209,70,69,70,-,-,-,-,-,-,446,158,153,135,-
99學年,臺北縣,1048,354,344,345,5,233,78,77,78,-,-,-,-,-,-,54,18,18,18,-,761,258,249,249,5
99學年,宜蘭縣,144,48,48,48,-,144,48,48,48,-,-,-,-,-,-,-,-,-,-,-,-,-,-,-,-
99學年,桃園縣,708,249,234,225,-,159,53,53,53,-,-,-,-,-,-,-,-,-,-,-,549,196,181,172,-
99學年,新竹縣,155,54,55,46,-,24,8,8,8,-,-,-,-,-,-,4,2,2,-,-,127,44,45,38,-
99學年,苗栗縣,237,81,80,76,-,116,40,40,36,-,-,-,-,-,-,-,-,-,-,-,121,41,40,40,-
99學年,臺中縣,709,246,242,221,-,211,71,70,70,-,-,-,-,-,-,-,-,-,-,-,498,175,172,151,-
99學年,彰化縣,556,184,184,188,-,307,102,103,102,-,-,-,-,-,-,-,-,-,-,-,249,82,81,86,-
99學年,南投縣,193,72,64,57,-,151,56,50,45,-,-,-,-,-,-,-,-,-,-,-,42,16,14,12,-
99學年,雲林縣,263,91,84,88,-,149,50,48,51,-,-,-,-,-,-,-,-,-,-,-,114,41,36,37,-
99學年,嘉義縣,165,54,55,56,-,53,17,18,18,-,-,-,-,-,-,-,-,-,-,-,112,37,37,38,-
99學年,臺南縣,321,105,106,110,-,233,78,77,78,-,-,-,-,-,-,-,-,-,-,-,88,27,29,32,-
99學年,高雄縣,418,142,133,143,-,153,51,51,51,-,-,-,-,-,-,-,-,-,-,-,265,91,82,92,-
99學年,屏東縣,290,99,95,96,-,151,51,51,49,-,-,-,-,-,-,-,-,-,-,-,139,48,44,47,-
99學年,臺東縣,66,21,23,22,-,44,13,16,15,-,-,-,-,-,-,-,-,-,-,-,22,8,7,7,-
99學年,花蓮縣,162,54,55,53,-,122,41,41,40,-,-,-,-,-,-,-,-,-,-,-,40,13,14,13,-
99學年,澎湖縣,55,18,20,17,-,55,18,20,17,-,-,-,-,-,-,-,-,-,-,-,-,-,-,-,-
99學年,基隆市,218,75,72,71,-,84,28,28,28,-,-,-,-,-,-,-,-,-,-,-,134,47,44,43,-
99學年,新竹市,130,50,40,40,-,52,18,17,17,-,-,-,-,-,-,-,-,-,-,-,78,32,23,23,-
99學年,臺中市,460,156,153,151,-,177,59,59,59,-,-,-,-,-,-,-,-,-,-,-,283,97,94,92,-
99學年,嘉義市,229,76,77,76,-,126,42,42,42,-,-,-,-,-,-,-,-,-,-,-,103,34,35,34,-
99學年,臺南市,361,124,120,117,-,90,30,30,30,-,-,-,-,-,-,-,-,-,-,-,271,94,90,87,-
99學年,金門縣,36,12,12,12,-,36,12,12,12,-,-,-,-,-,-,-,-,-,-,-,-,-,-,-,-
99學年,連江縣,-,-,-,-,-,-,-,-,-,-,-,-,-,-,-,-,-,-,-,-,-,-,-,-,-
98學年,總計,8512,2919,2845,2721,27,2860,966,955,939,-,676,218,219,218,21,55,20,18,17,-,4921,1715,1653,1547,6
98學年,臺北市,1139,389,373,356,21,20,7,7,6,-,467,149,149,148,21,-,-,-,-,-,652,233,217,202,-
98學年,高雄市,636,220,209,207,-,2,-,-,2,-,209,69,70,70,-,-,-,-,-,-,425,151,139,135,-
98學年,臺北縣,1029,350,346,327,6,230,77,78,75,-,-,-,-,-,-,53,18,18,17,-,746,255,250,235,6
98學年,宜蘭縣,144,48,48,48,-,144,48,48,48,-,-,-,-,-,-,-,-,-,-,-,-,-,-,-,-
98學年,桃園縣,679,234,225,220,-,156,53,53,50,-,-,-,-,-,-,-,-,-,-,-,523,181,172,170,-
98學年,新竹縣,148,55,46,47,-,23,8,8,7,-,-,-,-,-,-,2,2,-,-,-,123,45,38,40,-
98學年,苗栗縣,227,80,76,71,-,112,40,36,36,-,-,-,-,-,-,-,-,-,-,-,115,40,40,35,-
98學年,臺中縣,677,242,221,214,-,210,70,70,70,-,-,-,-,-,-,-,-,-,-,-,467,172,151,144,-
98學年,彰化縣,546,184,188,174,-,304,103,102,99,-,-,-,-,-,-,-,-,-,-,-,242,81,86,75,-
98學年,南投縣,175,64,57,54,-,138,50,45,43,-,-,-,-,-,-,-,-,-,-,-,37,14,12,11,-
98學年,雲林縣,257,83,88,86,-,150,48,51,51,-,-,-,-,-,-,-,-,-,-,-,107,35,37,35,-
98學年,嘉義縣,167,57,56,54,-,53,18,18,17,-,-,-,-,-,-,-,-,-,-,-,114,39,38,37,-
98學年,臺南縣,326,106,110,110,-,235,77,78,80,-,-,-,-,-,-,-,-,-,-,-,91,29,32,30,-
98學年,高雄縣,416,134,143,139,-,153,51,51,51,-,-,-,-,-,-,-,-,-,-,-,263,83,92,88,-
98學年,屏東縣,283,96,97,90,-,150,51,50,49,-,-,-,-,-,-,-,-,-,-,-,133,45,47,41,-
98學年,臺東縣,66,23,22,21,-,45,16,15,14,-,-,-,-,-,-,-,-,-,-,-,21,7,7,7,-
98學年,花蓮縣,164,55,54,55,-,122,41,40,41,-,-,-,-,-,-,-,-,-,-,-,42,14,14,14,-
98學年,澎湖縣,55,20,17,18,-,55,20,17,18,-,-,-,-,-,-,-,-,-,-,-,-,-,-,-,-
98學年,基隆市,213,75,72,66,-,79,28,28,23,-,-,-,-,-,-,-,-,-,-,-,134,47,44,43,-
98學年,新竹市,118,41,40,37,-,50,17,17,16,-,-,-,-,-,-,-,-,-,-,-,68,24,23,21,-
98學年,臺中市,434,153,151,130,-,177,59,59,59,-,-,-,-,-,-,-,-,-,-,-,257,94,92,71,-
98學年,嘉義市,227,78,77,72,-,126,42,42,42,-,-,-,-,-,-,-,-,-,-,-,101,36,35,30,-
98學年,臺南市,350,120,117,113,-,90,30,30,30,-,-,-,-,-,-,-,-,-,-,-,260,90,87,83,-
98學年,金門縣,36,12,12,12,-,36,12,12,12,-,-,-,-,-,-,-,-,-,-,-,-,-,-,-,-
98學年,連江縣,-,-,-,-,-,-,-,-,-,-,-,-,-,-,-,-,-,-,-,-,-,-,-,-,-
97學年,總計,8342,2873,2738,2698,33,2832,955,939,938,-,676,219,218,217,22,52,18,17,17,-,4782,1681,1564,1526,11
97學年,臺北市,1120,378,360,355,27,19,7,6,6,-,466,149,148,147,22,-,-,-,-,-,635,222,206,202,5
97學年,高雄市,621,215,209,197,-,4,-,2,2,-,210,70,70,70,-,-,-,-,-,-,407,145,137,125,-
97學年,臺北縣,1018,353,335,324,6,228,78,75,75,-,-,-,-,-,-,52,18,17,17,-,738,257,243,232,6
97學年,宜蘭縣,144,48,48,48,-,144,48,48,48,-,-,-,-,-,-,-,-,-,-,-,-,-,-,-,-
97學年,桃園縣,657,225,220,212,-,151,53,50,48,-,-,-,-,-,-,-,-,-,-,-,506,172,170,164,-
97學年,新竹縣,140,47,47,46,-,22,8,7,7,-,-,-,-,-,-,-,-,-,-,-,118,39,40,39,-
97學年,苗栗縣,220,76,71,73,-,108,36,36,36,-,-,-,-,-,-,-,-,-,-,-,112,40,35,37,-
97學年,臺中縣,656,221,215,220,-,210,70,70,70,-,-,-,-,-,-,-,-,-,-,-,446,151,145,150,-
97學年,彰化縣,531,188,174,169,-,302,102,99,101,-,-,-,-,-,-,-,-,-,-,-,229,86,75,68,-
97學年,南投縣,168,57,54,57,-,136,45,43,48,-,-,-,-,-,-,-,-,-,-,-,32,12,11,9,-
97學年,雲林縣,265,91,86,88,-,151,51,51,49,-,-,-,-,-,-,-,-,-,-,-,114,40,35,39,-
97學年,嘉義縣,167,57,55,55,-,53,18,17,18,-,-,-,-,-,-,-,-,-,-,-,114,39,38,37,-
97學年,臺南縣,327,110,110,107,-,233,78,80,75,-,-,-,-,-,-,-,-,-,-,-,94,32,30,32,-
97學年,高雄縣,419,144,139,136,-,153,51,51,51,-,-,-,-,-,-,-,-,-,-,-,266,93,88,85,-
97學年,屏東縣,277,98,90,89,-,148,50,49,49,-,-,-,-,-,-,-,-,-,-,-,129,48,41,40,-
97學年,臺東縣,64,22,21,21,-,43,15,14,14,-,-,-,-,-,-,-,-,-,-,-,21,7,7,7,-
97學年,花蓮縣,168,55,55,58,-,122,40,41,41,-,-,-,-,-,-,-,-,-,-,-,46,15,14,17,-
97學年,澎湖縣,54,17,18,19,-,54,17,18,19,-,-,-,-,-,-,-,-,-,-,-,-,-,-,-,-
97學年,基隆市,207,72,67,68,-,74,28,23,23,-,-,-,-,-,-,-,-,-,-,-,133,44,44,45,-
97學年,新竹市,112,40,37,35,-,49,17,16,16,-,-,-,-,-,-,-,-,-,-,-,63,23,21,19,-
97學年,臺中市,410,151,130,129,-,177,59,59,59,-,-,-,-,-,-,-,-,-,-,-,233,92,71,70,-
97學年,嘉義市,221,79,72,70,-,126,42,42,42,-,-,-,-,-,-,-,-,-,-,-,95,37,30,28,-
97學年,臺南市,341,117,113,111,-,90,30,30,30,-,-,-,-,-,-,-,-,-,-,-,251,87,83,81,-
97學年,金門縣,35,12,12,11,-,35,12,12,11,-,-,-,-,-,-,-,-,-,-,-,-,-,-,-,-
97學年,連江縣,-,-,-,-,-,-,-,-,-,-,-,-,-,-,-,-,-,-,-,-,-,-,-,-,-
""
