學年別,縣市別,高級中等學校總計計,高級中等學校總計男,高級中等學校總計女,高級中等學校國立計,高級中等學校國立男,高級中等學校國立女,高級中等學校直轄市立計,高級中等學校直轄市立男,高級中等學校直轄市立女,高級中等學校縣市立計,高級中等學校縣市立男,高級中等學校縣市立女,高級中等學校私立計,高級中等學校私立男,高級中等學校私立女,高級中學總計計,高級中學總計男,高級中學總計女,高級中學國立計,高級中學國立男,高級中學國立女,高級中學直轄市立計,高級中學直轄市立男,高級中學直轄市立女,高級中學縣市立計,高級中學縣市立男,高級中學縣市立女,高級中學私立計,高級中學私立男,高級中學私立女,職業學校總計計,職業學校總計男,職業學校總計女,職業學校國立計,職業學校國立男,職業學校國立女,職業學校直轄市立計,職業學校直轄市立男,職業學校直轄市立女,職業學校縣市立計,職業學校縣市立男,職業學校縣市立女,職業學校私立計,職業學校私立男,職業學校私立女
106學年,總計,10880,3503,7377,3483,1192,2291,2768,824,1944,411,111,300,4218,1376,2842,-,-,-,-,-,-,-,-,-,-,-,-,-,-,-,-,-,-,-,-,-,-,-,-,-,-,-,-,-,-
106學年,新北市,1290,400,890,30,7,23,585,163,422,-,-,-,675,230,445,-,-,-,-,-,-,-,-,-,-,-,-,-,-,-,-,-,-,-,-,-,-,-,-,-,-,-,-,-,-
106學年,臺北市,1545,479,1066,69,14,55,928,293,635,-,-,-,548,172,376,-,-,-,-,-,-,-,-,-,-,-,-,-,-,-,-,-,-,-,-,-,-,-,-,-,-,-,-,-,-
106學年,桃園市,789,227,562,266,74,192,130,27,103,-,-,-,393,126,267,-,-,-,-,-,-,-,-,-,-,-,-,-,-,-,-,-,-,-,-,-,-,-,-,-,-,-,-,-,-
106學年,臺中市,1280,387,893,66,19,47,606,195,411,-,-,-,608,173,435,-,-,-,-,-,-,-,-,-,-,-,-,-,-,-,-,-,-,-,-,-,-,-,-,-,-,-,-,-,-
106學年,臺南市,1009,347,662,557,207,350,52,15,37,-,-,-,400,125,275,-,-,-,-,-,-,-,-,-,-,-,-,-,-,-,-,-,-,-,-,-,-,-,-,-,-,-,-,-,-
106學年,高雄市,1077,319,758,222,71,151,467,131,336,-,-,-,388,117,271,-,-,-,-,-,-,-,-,-,-,-,-,-,-,-,-,-,-,-,-,-,-,-,-,-,-,-,-,-,-
106學年,宜蘭縣,263,98,165,189,67,122,-,-,-,26,8,18,48,23,25,-,-,-,-,-,-,-,-,-,-,-,-,-,-,-,-,-,-,-,-,-,-,-,-,-,-,-,-,-,-
106學年,新竹縣,175,46,129,70,19,51,-,-,-,22,6,16,83,21,62,-,-,-,-,-,-,-,-,-,-,-,-,-,-,-,-,-,-,-,-,-,-,-,-,-,-,-,-,-,-
106學年,苗栗縣,325,128,197,172,65,107,-,-,-,48,13,35,105,50,55,-,-,-,-,-,-,-,-,-,-,-,-,-,-,-,-,-,-,-,-,-,-,-,-,-,-,-,-,-,-
106學年,彰化縣,596,207,389,373,141,232,-,-,-,70,23,47,153,43,110,-,-,-,-,-,-,-,-,-,-,-,-,-,-,-,-,-,-,-,-,-,-,-,-,-,-,-,-,-,-
106學年,南投縣,324,121,203,219,82,137,-,-,-,14,3,11,91,36,55,-,-,-,-,-,-,-,-,-,-,-,-,-,-,-,-,-,-,-,-,-,-,-,-,-,-,-,-,-,-
106學年,雲林縣,407,154,253,188,72,116,-,-,-,32,8,24,187,74,113,-,-,-,-,-,-,-,-,-,-,-,-,-,-,-,-,-,-,-,-,-,-,-,-,-,-,-,-,-,-
106學年,嘉義縣,165,67,98,66,24,42,-,-,-,16,4,12,83,39,44,-,-,-,-,-,-,-,-,-,-,-,-,-,-,-,-,-,-,-,-,-,-,-,-,-,-,-,-,-,-
106學年,屏東縣,347,115,232,220,82,138,-,-,-,47,11,36,80,22,58,-,-,-,-,-,-,-,-,-,-,-,-,-,-,-,-,-,-,-,-,-,-,-,-,-,-,-,-,-,-
106學年,臺東縣,169,55,114,109,34,75,-,-,-,9,5,4,51,16,35,-,-,-,-,-,-,-,-,-,-,-,-,-,-,-,-,-,-,-,-,-,-,-,-,-,-,-,-,-,-
106學年,花蓮縣,232,86,146,147,55,92,-,-,-,20,5,15,65,26,39,-,-,-,-,-,-,-,-,-,-,-,-,-,-,-,-,-,-,-,-,-,-,-,-,-,-,-,-,-,-
106學年,澎湖縣,57,24,33,57,24,33,-,-,-,-,-,-,-,-,-,-,-,-,-,-,-,-,-,-,-,-,-,-,-,-,-,-,-,-,-,-,-,-,-,-,-,-,-,-,-
106學年,基隆市,232,73,159,105,29,76,-,-,-,59,20,39,68,24,44,-,-,-,-,-,-,-,-,-,-,-,-,-,-,-,-,-,-,-,-,-,-,-,-,-,-,-,-,-,-
106學年,新竹市,271,53,218,136,24,112,-,-,-,48,5,43,87,24,63,-,-,-,-,-,-,-,-,-,-,-,-,-,-,-,-,-,-,-,-,-,-,-,-,-,-,-,-,-,-
106學年,嘉義市,262,82,180,157,47,110,-,-,-,-,-,-,105,35,70,-,-,-,-,-,-,-,-,-,-,-,-,-,-,-,-,-,-,-,-,-,-,-,-,-,-,-,-,-,-
106學年,金門縣,49,26,23,49,26,23,-,-,-,-,-,-,-,-,-,-,-,-,-,-,-,-,-,-,-,-,-,-,-,-,-,-,-,-,-,-,-,-,-,-,-,-,-,-,-
106學年,連江縣,16,9,7,16,9,7,-,-,-,-,-,-,-,-,-,-,-,-,-,-,-,-,-,-,-,-,-,-,-,-,-,-,-,-,-,-,-,-,-,-,-,-,-,-,-
105學年,總計,10969,3500,7469,3923,1368,2555,2287,629,1658,403,116,287,4356,1387,2969,-,-,-,-,-,-,-,-,-,-,-,-,-,-,-,-,-,-,-,-,-,-,-,-,-,-,-,-,-,-
105學年,新北市,1318,387,931,30,8,22,596,164,432,-,-,-,692,215,477,-,-,-,-,-,-,-,-,-,-,-,-,-,-,-,-,-,-,-,-,-,-,-,-,-,-,-,-,-,-
105學年,臺北市,1549,463,1086,69,14,55,934,280,654,-,-,-,546,169,377,-,-,-,-,-,-,-,-,-,-,-,-,-,-,-,-,-,-,-,-,-,-,-,-,-,-,-,-,-,-
105學年,桃園市,795,220,575,265,73,192,104,19,85,-,-,-,426,128,298,-,-,-,-,-,-,-,-,-,-,-,-,-,-,-,-,-,-,-,-,-,-,-,-,-,-,-,-,-,-
105學年,臺中市,1283,390,893,500,178,322,153,35,118,-,-,-,630,177,453,-,-,-,-,-,-,-,-,-,-,-,-,-,-,-,-,-,-,-,-,-,-,-,-,-,-,-,-,-,-
105學年,臺南市,1024,350,674,556,210,346,48,9,39,-,-,-,420,131,289,-,-,-,-,-,-,-,-,-,-,-,-,-,-,-,-,-,-,-,-,-,-,-,-,-,-,-,-,-,-
105學年,高雄市,1079,319,760,218,73,145,452,122,330,-,-,-,409,124,285,-,-,-,-,-,-,-,-,-,-,-,-,-,-,-,-,-,-,-,-,-,-,-,-,-,-,-,-,-,-
105學年,宜蘭縣,269,100,169,193,67,126,-,-,-,25,9,16,51,24,27,-,-,-,-,-,-,-,-,-,-,-,-,-,-,-,-,-,-,-,-,-,-,-,-,-,-,-,-,-,-
105學年,新竹縣,173,48,125,68,18,50,-,-,-,21,6,15,84,24,60,-,-,-,-,-,-,-,-,-,-,-,-,-,-,-,-,-,-,-,-,-,-,-,-,-,-,-,-,-,-
105學年,苗栗縣,321,128,193,169,67,102,-,-,-,50,17,33,102,44,58,-,-,-,-,-,-,-,-,-,-,-,-,-,-,-,-,-,-,-,-,-,-,-,-,-,-,-,-,-,-
105學年,彰化縣,591,207,384,371,143,228,-,-,-,69,20,49,151,44,107,-,-,-,-,-,-,-,-,-,-,-,-,-,-,-,-,-,-,-,-,-,-,-,-,-,-,-,-,-,-
105學年,南投縣,329,121,208,214,78,136,-,-,-,14,3,11,101,40,61,-,-,-,-,-,-,-,-,-,-,-,-,-,-,-,-,-,-,-,-,-,-,-,-,-,-,-,-,-,-
105學年,雲林縣,410,147,263,189,69,120,-,-,-,33,11,22,188,67,121,-,-,-,-,-,-,-,-,-,-,-,-,-,-,-,-,-,-,-,-,-,-,-,-,-,-,-,-,-,-
105學年,嘉義縣,171,71,100,67,24,43,-,-,-,16,3,13,88,44,44,-,-,-,-,-,-,-,-,-,-,-,-,-,-,-,-,-,-,-,-,-,-,-,-,-,-,-,-,-,-
105學年,屏東縣,351,123,228,224,88,136,-,-,-,44,12,32,83,23,60,-,-,-,-,-,-,-,-,-,-,-,-,-,-,-,-,-,-,-,-,-,-,-,-,-,-,-,-,-,-
105學年,臺東縣,166,54,112,111,36,75,-,-,-,9,5,4,46,13,33,-,-,-,-,-,-,-,-,-,-,-,-,-,-,-,-,-,-,-,-,-,-,-,-,-,-,-,-,-,-
105學年,花蓮縣,252,96,156,161,61,100,-,-,-,19,6,13,72,29,43,-,-,-,-,-,-,-,-,-,-,-,-,-,-,-,-,-,-,-,-,-,-,-,-,-,-,-,-,-,-
105學年,澎湖縣,54,23,31,54,23,31,-,-,-,-,-,-,-,-,-,-,-,-,-,-,-,-,-,-,-,-,-,-,-,-,-,-,-,-,-,-,-,-,-,-,-,-,-,-,-
105學年,基隆市,227,71,156,106,30,76,-,-,-,53,16,37,68,25,43,-,-,-,-,-,-,-,-,-,-,-,-,-,-,-,-,-,-,-,-,-,-,-,-,-,-,-,-,-,-
105學年,新竹市,274,60,214,134,26,108,-,-,-,50,8,42,90,26,64,-,-,-,-,-,-,-,-,-,-,-,-,-,-,-,-,-,-,-,-,-,-,-,-,-,-,-,-,-,-
105學年,嘉義市,265,87,178,156,47,109,-,-,-,-,-,-,109,40,69,-,-,-,-,-,-,-,-,-,-,-,-,-,-,-,-,-,-,-,-,-,-,-,-,-,-,-,-,-,-
105學年,金門縣,52,27,25,52,27,25,-,-,-,-,-,-,-,-,-,-,-,-,-,-,-,-,-,-,-,-,-,-,-,-,-,-,-,-,-,-,-,-,-,-,-,-,-,-,-
105學年,連江縣,16,8,8,16,8,8,-,-,-,-,-,-,-,-,-,-,-,-,-,-,-,-,-,-,-,-,-,-,-,-,-,-,-,-,-,-,-,-,-,-,-,-,-,-,-
104學年,總計,10969,3456,7513,3924,1344,2580,2274,624,1650,395,115,280,4376,1373,3003,-,-,-,-,-,-,-,-,-,-,-,-,-,-,-,-,-,-,-,-,-,-,-,-,-,-,-,-,-,-
104學年,新北市,1311,383,928,30,9,21,600,170,430,-,-,-,681,204,477,-,-,-,-,-,-,-,-,-,-,-,-,-,-,-,-,-,-,-,-,-,-,-,-,-,-,-,-,-,-
104學年,臺北市,1549,451,1098,72,16,56,929,271,658,-,-,-,548,164,384,-,-,-,-,-,-,-,-,-,-,-,-,-,-,-,-,-,-,-,-,-,-,-,-,-,-,-,-,-,-
104學年,桃園市,785,207,578,268,69,199,95,19,76,-,-,-,422,119,303,-,-,-,-,-,-,-,-,-,-,-,-,-,-,-,-,-,-,-,-,-,-,-,-,-,-,-,-,-,-
104學年,臺中市,1284,375,909,495,168,327,152,30,122,-,-,-,637,177,460,-,-,-,-,-,-,-,-,-,-,-,-,-,-,-,-,-,-,-,-,-,-,-,-,-,-,-,-,-,-
104學年,臺南市,1019,351,668,545,204,341,47,8,39,-,-,-,427,139,288,-,-,-,-,-,-,-,-,-,-,-,-,-,-,-,-,-,-,-,-,-,-,-,-,-,-,-,-,-,-
104學年,高雄市,1083,322,761,220,72,148,451,126,325,-,-,-,412,124,288,-,-,-,-,-,-,-,-,-,-,-,-,-,-,-,-,-,-,-,-,-,-,-,-,-,-,-,-,-,-
104學年,宜蘭縣,273,99,174,196,65,131,-,-,-,25,10,15,52,24,28,-,-,-,-,-,-,-,-,-,-,-,-,-,-,-,-,-,-,-,-,-,-,-,-,-,-,-,-,-,-
104學年,新竹縣,176,51,125,70,19,51,-,-,-,20,8,12,86,24,62,-,-,-,-,-,-,-,-,-,-,-,-,-,-,-,-,-,-,-,-,-,-,-,-,-,-,-,-,-,-
104學年,苗栗縣,331,136,195,173,69,104,-,-,-,46,16,30,112,51,61,-,-,-,-,-,-,-,-,-,-,-,-,-,-,-,-,-,-,-,-,-,-,-,-,-,-,-,-,-,-
104學年,彰化縣,590,200,390,370,138,232,-,-,-,67,19,48,153,43,110,-,-,-,-,-,-,-,-,-,-,-,-,-,-,-,-,-,-,-,-,-,-,-,-,-,-,-,-,-,-
104學年,南投縣,329,118,211,216,80,136,-,-,-,14,3,11,99,35,64,-,-,-,-,-,-,-,-,-,-,-,-,-,-,-,-,-,-,-,-,-,-,-,-,-,-,-,-,-,-
104學年,雲林縣,386,140,246,190,70,120,-,-,-,31,8,23,165,62,103,-,-,-,-,-,-,-,-,-,-,-,-,-,-,-,-,-,-,-,-,-,-,-,-,-,-,-,-,-,-
104學年,嘉義縣,174,72,102,67,24,43,-,-,-,18,5,13,89,43,46,-,-,-,-,-,-,-,-,-,-,-,-,-,-,-,-,-,-,-,-,-,-,-,-,-,-,-,-,-,-
104學年,屏東縣,349,118,231,219,82,137,-,-,-,44,10,34,86,26,60,-,-,-,-,-,-,-,-,-,-,-,-,-,-,-,-,-,-,-,-,-,-,-,-,-,-,-,-,-,-
104學年,臺東縣,175,62,113,116,42,74,-,-,-,9,5,4,50,15,35,-,-,-,-,-,-,-,-,-,-,-,-,-,-,-,-,-,-,-,-,-,-,-,-,-,-,-,-,-,-
104學年,花蓮縣,260,98,162,159,59,100,-,-,-,20,7,13,81,32,49,-,-,-,-,-,-,-,-,-,-,-,-,-,-,-,-,-,-,-,-,-,-,-,-,-,-,-,-,-,-
104學年,澎湖縣,57,30,27,57,30,27,-,-,-,-,-,-,-,-,-,-,-,-,-,-,-,-,-,-,-,-,-,-,-,-,-,-,-,-,-,-,-,-,-,-,-,-,-,-,-
104學年,基隆市,224,69,155,106,28,78,-,-,-,54,19,35,64,22,42,-,-,-,-,-,-,-,-,-,-,-,-,-,-,-,-,-,-,-,-,-,-,-,-,-,-,-,-,-,-
104學年,新竹市,275,56,219,130,22,108,-,-,-,47,5,42,98,29,69,-,-,-,-,-,-,-,-,-,-,-,-,-,-,-,-,-,-,-,-,-,-,-,-,-,-,-,-,-,-
104學年,嘉義市,272,87,185,158,47,111,-,-,-,-,-,-,114,40,74,-,-,-,-,-,-,-,-,-,-,-,-,-,-,-,-,-,-,-,-,-,-,-,-,-,-,-,-,-,-
104學年,金門縣,51,24,27,51,24,27,-,-,-,-,-,-,-,-,-,-,-,-,-,-,-,-,-,-,-,-,-,-,-,-,-,-,-,-,-,-,-,-,-,-,-,-,-,-,-
104學年,連江縣,16,7,9,16,7,9,-,-,-,-,-,-,-,-,-,-,-,-,-,-,-,-,-,-,-,-,-,-,-,-,-,-,-,-,-,-,-,-,-,-,-,-,-,-,-
103學年,總計,11012,3407,7605,3879,1303,2576,2151,586,1565,449,113,336,4533,1405,3128,-,-,-,-,-,-,-,-,-,-,-,-,-,-,-,-,-,-,-,-,-,-,-,-,-,-,-,-,-,-
103學年,新北市,1298,367,931,29,7,22,591,158,433,-,-,-,678,202,476,-,-,-,-,-,-,-,-,-,-,-,-,-,-,-,-,-,-,-,-,-,-,-,-,-,-,-,-,-,-
103學年,臺北市,1611,458,1153,73,18,55,930,260,670,-,-,-,608,180,428,-,-,-,-,-,-,-,-,-,-,-,-,-,-,-,-,-,-,-,-,-,-,-,-,-,-,-,-,-,-
103學年,臺中市,1279,368,911,492,159,333,153,30,123,-,-,-,634,179,455,-,-,-,-,-,-,-,-,-,-,-,-,-,-,-,-,-,-,-,-,-,-,-,-,-,-,-,-,-,-
103學年,臺南市,1032,341,691,540,191,349,46,10,36,-,-,-,446,140,306,-,-,-,-,-,-,-,-,-,-,-,-,-,-,-,-,-,-,-,-,-,-,-,-,-,-,-,-,-,-
103學年,高雄市,1078,327,751,221,71,150,431,128,303,-,-,-,426,128,298,-,-,-,-,-,-,-,-,-,-,-,-,-,-,-,-,-,-,-,-,-,-,-,-,-,-,-,-,-,-
103學年,宜蘭縣,267,90,177,187,60,127,-,-,-,9,2,7,71,28,43,-,-,-,-,-,-,-,-,-,-,-,-,-,-,-,-,-,-,-,-,-,-,-,-,-,-,-,-,-,-
103學年,桃園縣,794,222,572,266,72,194,-,-,-,87,20,67,441,130,311,-,-,-,-,-,-,-,-,-,-,-,-,-,-,-,-,-,-,-,-,-,-,-,-,-,-,-,-,-,-
103學年,新竹縣,176,49,127,67,17,50,-,-,-,14,3,11,95,29,66,-,-,-,-,-,-,-,-,-,-,-,-,-,-,-,-,-,-,-,-,-,-,-,-,-,-,-,-,-,-
103學年,苗栗縣,345,135,210,174,69,105,-,-,-,46,14,32,125,52,73,-,-,-,-,-,-,-,-,-,-,-,-,-,-,-,-,-,-,-,-,-,-,-,-,-,-,-,-,-,-
103學年,彰化縣,599,199,400,368,138,230,-,-,-,68,19,49,163,42,121,-,-,-,-,-,-,-,-,-,-,-,-,-,-,-,-,-,-,-,-,-,-,-,-,-,-,-,-,-,-
103學年,南投縣,308,108,200,208,77,131,-,-,-,13,3,10,87,28,59,-,-,-,-,-,-,-,-,-,-,-,-,-,-,-,-,-,-,-,-,-,-,-,-,-,-,-,-,-,-
103學年,雲林縣,385,138,247,187,70,117,-,-,-,33,7,26,165,61,104,-,-,-,-,-,-,-,-,-,-,-,-,-,-,-,-,-,-,-,-,-,-,-,-,-,-,-,-,-,-
103學年,嘉義縣,174,76,98,65,24,41,-,-,-,15,4,11,94,48,46,-,-,-,-,-,-,-,-,-,-,-,-,-,-,-,-,-,-,-,-,-,-,-,-,-,-,-,-,-,-
103學年,屏東縣,353,124,229,221,85,136,-,-,-,43,13,30,89,26,63,-,-,-,-,-,-,-,-,-,-,-,-,-,-,-,-,-,-,-,-,-,-,-,-,-,-,-,-,-,-
103學年,臺東縣,151,48,103,110,34,76,-,-,-,8,5,3,33,9,24,-,-,-,-,-,-,-,-,-,-,-,-,-,-,-,-,-,-,-,-,-,-,-,-,-,-,-,-,-,-
103學年,花蓮縣,257,92,165,153,56,97,-,-,-,16,4,12,88,32,56,-,-,-,-,-,-,-,-,-,-,-,-,-,-,-,-,-,-,-,-,-,-,-,-,-,-,-,-,-,-
103學年,澎湖縣,58,20,38,58,20,38,-,-,-,-,-,-,-,-,-,-,-,-,-,-,-,-,-,-,-,-,-,-,-,-,-,-,-,-,-,-,-,-,-,-,-,-,-,-,-
103學年,基隆市,230,67,163,108,31,77,-,-,-,50,14,36,72,22,50,-,-,-,-,-,-,-,-,-,-,-,-,-,-,-,-,-,-,-,-,-,-,-,-,-,-,-,-,-,-
103學年,新竹市,277,60,217,129,23,106,-,-,-,47,5,42,101,32,69,-,-,-,-,-,-,-,-,-,-,-,-,-,-,-,-,-,-,-,-,-,-,-,-,-,-,-,-,-,-
103學年,嘉義市,272,83,189,155,46,109,-,-,-,-,-,-,117,37,80,-,-,-,-,-,-,-,-,-,-,-,-,-,-,-,-,-,-,-,-,-,-,-,-,-,-,-,-,-,-
103學年,金門縣,52,27,25,52,27,25,-,-,-,-,-,-,-,-,-,-,-,-,-,-,-,-,-,-,-,-,-,-,-,-,-,-,-,-,-,-,-,-,-,-,-,-,-,-,-
103學年,連江縣,16,8,8,16,8,8,-,-,-,-,-,-,-,-,-,-,-,-,-,-,-,-,-,-,-,-,-,-,-,-,-,-,-,-,-,-,-,-,-,-,-,-,-,-,-
102學年,總計,-,-,-,-,-,-,-,-,-,-,-,-,-,-,-,6760,1801,4959,1740,443,1297,1535,328,1207,453,108,345,3032,922,2110,4063,1513,2550,2039,828,1211,569,202,367,-,-,-,1455,483,972
102學年,新北市,-,-,-,-,-,-,-,-,-,-,-,-,-,-,-,808,214,594,29,7,22,411,95,316,-,-,-,368,112,256,443,141,302,-,-,-,166,65,101,-,-,-,277,76,201
102學年,臺北市,-,-,-,-,-,-,-,-,-,-,-,-,-,-,-,1113,265,848,66,15,51,653,136,517,-,-,-,394,114,280,441,151,290,-,-,-,255,94,161,-,-,-,186,57,129
102學年,臺中市,-,-,-,-,-,-,-,-,-,-,-,-,-,-,-,937,228,709,206,41,165,137,26,111,-,-,-,594,161,433,304,129,175,273,117,156,-,-,-,-,-,-,31,12,19
102學年,臺南市,-,-,-,-,-,-,-,-,-,-,-,-,-,-,-,632,169,463,255,67,188,44,7,37,-,-,-,333,95,238,383,165,218,277,122,155,-,-,-,-,-,-,106,43,63
102學年,高雄市,-,-,-,-,-,-,-,-,-,-,-,-,-,-,-,589,153,436,113,23,90,290,64,226,-,-,-,186,66,120,513,170,343,96,43,53,148,43,105,-,-,-,269,84,185
102學年,宜蘭縣,-,-,-,-,-,-,-,-,-,-,-,-,-,-,-,142,47,95,59,12,47,-,-,-,9,2,7,74,33,41,133,48,85,133,48,85,-,-,-,-,-,-,-,-,-
102學年,桃園縣,-,-,-,-,-,-,-,-,-,-,-,-,-,-,-,553,133,420,140,21,119,-,-,-,87,20,67,326,92,234,200,77,123,108,44,64,-,-,-,-,-,-,92,33,59
102學年,新竹縣,-,-,-,-,-,-,-,-,-,-,-,-,-,-,-,158,46,112,67,18,49,-,-,-,13,3,10,78,25,53,14,5,9,-,-,-,-,-,-,-,-,-,14,5,9
102學年,苗栗縣,-,-,-,-,-,-,-,-,-,-,-,-,-,-,-,205,69,136,87,29,58,-,-,-,47,11,36,71,29,42,139,65,74,83,41,42,-,-,-,-,-,-,56,24,32
102學年,彰化縣,-,-,-,-,-,-,-,-,-,-,-,-,-,-,-,243,72,171,114,41,73,-,-,-,68,18,50,61,13,48,336,127,209,239,95,144,-,-,-,-,-,-,97,32,65
102學年,南投縣,-,-,-,-,-,-,-,-,-,-,-,-,-,-,-,152,44,108,94,28,66,-,-,-,13,3,10,45,13,32,142,57,85,114,48,66,-,-,-,-,-,-,28,9,19
102學年,雲林縣,-,-,-,-,-,-,-,-,-,-,-,-,-,-,-,211,64,147,57,16,41,-,-,-,34,9,25,120,39,81,171,71,100,120,50,70,-,-,-,-,-,-,51,21,30
102學年,嘉義縣,-,-,-,-,-,-,-,-,-,-,-,-,-,-,-,80,31,49,36,15,21,-,-,-,14,3,11,30,13,17,104,46,58,29,10,19,-,-,-,-,-,-,75,36,39
102學年,屏東縣,-,-,-,-,-,-,-,-,-,-,-,-,-,-,-,167,39,128,82,18,64,-,-,-,39,7,32,46,14,32,188,73,115,137,61,76,-,-,-,-,-,-,51,12,39
102學年,臺東縣,-,-,-,-,-,-,-,-,-,-,-,-,-,-,-,67,29,38,54,20,34,-,-,-,11,8,3,2,1,1,84,25,59,55,18,37,-,-,-,-,-,-,29,7,22
102學年,花蓮縣,-,-,-,-,-,-,-,-,-,-,-,-,-,-,-,139,45,94,54,17,37,-,-,-,19,4,15,66,24,42,121,45,76,94,34,60,-,-,-,-,-,-,27,11,16
102學年,澎湖縣,-,-,-,-,-,-,-,-,-,-,-,-,-,-,-,20,7,13,20,7,13,-,-,-,-,-,-,-,-,-,37,13,24,37,13,24,-,-,-,-,-,-,-,-,-
102學年,基隆市,-,-,-,-,-,-,-,-,-,-,-,-,-,-,-,153,40,113,46,8,38,-,-,-,54,15,39,53,17,36,80,19,61,57,17,40,-,-,-,-,-,-,23,2,21
102學年,新竹市,-,-,-,-,-,-,-,-,-,-,-,-,-,-,-,223,46,177,77,10,67,-,-,-,45,5,40,101,31,70,52,15,37,52,15,37,-,-,-,-,-,-,-,-,-
102學年,嘉義市,-,-,-,-,-,-,-,-,-,-,-,-,-,-,-,132,43,89,48,13,35,-,-,-,-,-,-,84,30,54,145,51,94,102,32,70,-,-,-,-,-,-,43,19,24
102學年,金門縣,-,-,-,-,-,-,-,-,-,-,-,-,-,-,-,20,8,12,20,8,12,-,-,-,-,-,-,-,-,-,33,20,13,33,20,13,-,-,-,-,-,-,-,-,-
102學年,連江縣,-,-,-,-,-,-,-,-,-,-,-,-,-,-,-,16,9,7,16,9,7,-,-,-,-,-,-,-,-,-,-,-,-,-,-,-,-,-,-,-,-,-,-,-,-
101學年,總計,-,-,-,-,-,-,-,-,-,-,-,-,-,-,-,6635,1769,4866,1893,493,1400,1331,283,1048,400,87,313,3011,906,2105,4040,1532,2508,2176,902,1274,445,160,285,-,-,-,1419,470,949
101學年,新北市,-,-,-,-,-,-,-,-,-,-,-,-,-,-,-,765,179,586,190,41,149,231,41,190,-,-,-,344,97,247,438,141,297,143,59,84,21,7,14,-,-,-,274,75,199
101學年,臺北市,-,-,-,-,-,-,-,-,-,-,-,-,-,-,-,1108,265,843,68,10,58,653,145,508,-,-,-,387,110,277,467,170,297,-,-,-,279,113,166,-,-,-,188,57,131
101學年,臺中市,-,-,-,-,-,-,-,-,-,-,-,-,-,-,-,924,237,687,203,41,162,130,29,101,-,-,-,591,167,424,303,129,174,275,118,157,-,-,-,-,-,-,28,11,17
101學年,臺南市,-,-,-,-,-,-,-,-,-,-,-,-,-,-,-,640,174,466,251,70,181,41,5,36,-,-,-,348,99,249,381,167,214,274,123,151,-,-,-,-,-,-,107,44,63
101學年,高雄市,-,-,-,-,-,-,-,-,-,-,-,-,-,-,-,582,153,429,114,25,89,276,63,213,-,-,-,192,65,127,511,171,340,100,48,52,145,40,105,-,-,-,266,83,183
101學年,宜蘭縣,-,-,-,-,-,-,-,-,-,-,-,-,-,-,-,148,49,99,61,13,48,-,-,-,9,2,7,78,34,44,128,45,83,128,45,83,-,-,-,-,-,-,-,-,-
101學年,桃園縣,-,-,-,-,-,-,-,-,-,-,-,-,-,-,-,537,121,416,142,21,121,-,-,-,80,16,64,315,84,231,186,75,111,106,47,59,-,-,-,-,-,-,80,28,52
101學年,新竹縣,-,-,-,-,-,-,-,-,-,-,-,-,-,-,-,163,51,112,68,18,50,-,-,-,13,4,9,82,29,53,14,5,9,-,-,-,-,-,-,-,-,-,14,5,9
101學年,苗栗縣,-,-,-,-,-,-,-,-,-,-,-,-,-,-,-,186,67,119,86,28,58,-,-,-,28,8,20,72,31,41,143,71,72,84,42,42,-,-,-,-,-,-,59,29,30
101學年,彰化縣,-,-,-,-,-,-,-,-,-,-,-,-,-,-,-,221,57,164,116,36,80,-,-,-,49,10,39,56,11,45,343,134,209,237,98,139,-,-,-,-,-,-,106,36,70
101學年,南投縣,-,-,-,-,-,-,-,-,-,-,-,-,-,-,-,145,44,101,88,29,59,-,-,-,15,3,12,42,12,30,145,58,87,119,46,73,-,-,-,-,-,-,26,12,14
101學年,雲林縣,-,-,-,-,-,-,-,-,-,-,-,-,-,-,-,207,62,145,57,15,42,-,-,-,34,10,24,116,37,79,171,75,96,118,53,65,-,-,-,-,-,-,53,22,31
101學年,嘉義縣,-,-,-,-,-,-,-,-,-,-,-,-,-,-,-,81,34,47,36,17,19,-,-,-,14,3,11,31,14,17,88,34,54,28,10,18,-,-,-,-,-,-,60,24,36
101學年,屏東縣,-,-,-,-,-,-,-,-,-,-,-,-,-,-,-,164,41,123,79,17,62,-,-,-,40,7,33,45,17,28,182,70,112,136,60,76,-,-,-,-,-,-,46,10,36
101學年,臺東縣,-,-,-,-,-,-,-,-,-,-,-,-,-,-,-,66,26,40,55,21,34,-,-,-,9,4,5,2,1,1,83,25,58,54,17,37,-,-,-,-,-,-,29,8,21
101學年,花蓮縣,-,-,-,-,-,-,-,-,-,-,-,-,-,-,-,140,50,90,51,18,33,-,-,-,16,4,12,73,28,45,119,45,74,100,38,62,-,-,-,-,-,-,19,7,12
101學年,澎湖縣,-,-,-,-,-,-,-,-,-,-,-,-,-,-,-,20,7,13,20,7,13,-,-,-,-,-,-,-,-,-,37,14,23,37,14,23,-,-,-,-,-,-,-,-,-
101學年,基隆市,-,-,-,-,-,-,-,-,-,-,-,-,-,-,-,150,48,102,46,19,27,-,-,-,48,11,37,56,18,38,77,23,54,52,16,36,-,-,-,-,-,-,25,7,18
101學年,新竹市,-,-,-,-,-,-,-,-,-,-,-,-,-,-,-,217,44,173,76,12,64,-,-,-,45,5,40,96,27,69,50,14,36,50,14,36,-,-,-,-,-,-,-,-,-
101學年,嘉義市,-,-,-,-,-,-,-,-,-,-,-,-,-,-,-,136,43,93,51,18,33,-,-,-,-,-,-,85,25,60,141,44,97,102,32,70,-,-,-,-,-,-,39,12,27
101學年,金門縣,-,-,-,-,-,-,-,-,-,-,-,-,-,-,-,20,8,12,20,8,12,-,-,-,-,-,-,-,-,-,33,22,11,33,22,11,-,-,-,-,-,-,-,-,-
101學年,連江縣,-,-,-,-,-,-,-,-,-,-,-,-,-,-,-,15,9,6,15,9,6,-,-,-,-,-,-,-,-,-,-,-,-,-,-,-,-,-,-,-,-,-,-,-,-
100學年,總計,-,-,-,-,-,-,-,-,-,-,-,-,-,-,-,6607,1767,4840,1894,489,1405,1327,271,1056,372,82,290,3014,925,2089,3995,1527,2468,2154,900,1254,464,166,298,-,-,-,1377,461,916
100學年,新北市,-,-,-,-,-,-,-,-,-,-,-,-,-,-,-,764,183,581,185,38,147,227,44,183,-,-,-,352,101,251,430,142,288,142,58,84,22,8,14,-,-,-,266,76,190
100學年,臺北市,-,-,-,-,-,-,-,-,-,-,-,-,-,-,-,1112,254,858,66,10,56,653,130,523,-,-,-,393,114,279,455,167,288,-,-,-,277,113,164,-,-,-,178,54,124
100學年,臺中市,-,-,-,-,-,-,-,-,-,-,-,-,-,-,-,919,244,675,207,47,160,127,28,99,-,-,-,585,169,416,301,129,172,273,119,154,-,-,-,-,-,-,28,10,18
100學年,臺南市,-,-,-,-,-,-,-,-,-,-,-,-,-,-,-,635,173,462,251,68,183,44,6,38,-,-,-,340,99,241,372,165,207,267,121,146,-,-,-,-,-,-,105,44,61
100學年,高雄市,-,-,-,-,-,-,-,-,-,-,-,-,-,-,-,588,155,433,116,26,90,276,63,213,-,-,-,196,66,130,522,173,349,101,48,53,165,45,120,-,-,-,256,80,176
100學年,宜蘭縣,-,-,-,-,-,-,-,-,-,-,-,-,-,-,-,147,46,101,61,12,49,-,-,-,9,2,7,77,32,45,125,44,81,125,44,81,-,-,-,-,-,-,-,-,-
100學年,桃園縣,-,-,-,-,-,-,-,-,-,-,-,-,-,-,-,521,124,397,145,25,120,-,-,-,66,15,51,310,84,226,186,70,116,107,38,69,-,-,-,-,-,-,79,32,47
100學年,新竹縣,-,-,-,-,-,-,-,-,-,-,-,-,-,-,-,160,53,107,66,21,45,-,-,-,11,1,10,83,31,52,14,5,9,-,-,-,-,-,-,-,-,-,14,5,9
100學年,苗栗縣,-,-,-,-,-,-,-,-,-,-,-,-,-,-,-,190,70,120,85,27,58,-,-,-,31,10,21,74,33,41,136,67,69,77,38,39,-,-,-,-,-,-,59,29,30
100學年,彰化縣,-,-,-,-,-,-,-,-,-,-,-,-,-,-,-,221,58,163,112,35,77,-,-,-,48,10,38,61,13,48,334,130,204,235,101,134,-,-,-,-,-,-,99,29,70
100學年,南投縣,-,-,-,-,-,-,-,-,-,-,-,-,-,-,-,139,44,95,87,29,58,-,-,-,16,4,12,36,11,25,147,60,87,121,51,70,-,-,-,-,-,-,26,9,17
100學年,雲林縣,-,-,-,-,-,-,-,-,-,-,-,-,-,-,-,203,68,135,57,17,40,-,-,-,32,10,22,114,41,73,182,83,99,125,57,68,-,-,-,-,-,-,57,26,31
100學年,嘉義縣,-,-,-,-,-,-,-,-,-,-,-,-,-,-,-,82,32,50,37,17,20,-,-,-,14,3,11,31,12,19,85,34,51,27,10,17,-,-,-,-,-,-,58,24,34
100學年,屏東縣,-,-,-,-,-,-,-,-,-,-,-,-,-,-,-,166,45,121,84,21,63,-,-,-,38,6,32,44,18,26,185,73,112,140,64,76,-,-,-,-,-,-,45,9,36
100學年,臺東縣,-,-,-,-,-,-,-,-,-,-,-,-,-,-,-,63,22,41,53,17,36,-,-,-,8,4,4,2,1,1,75,25,50,46,17,29,-,-,-,-,-,-,29,8,21
100學年,花蓮縣,-,-,-,-,-,-,-,-,-,-,-,-,-,-,-,141,52,89,51,20,31,-,-,-,16,4,12,74,28,46,115,43,72,96,36,60,-,-,-,-,-,-,19,7,12
100學年,澎湖縣,-,-,-,-,-,-,-,-,-,-,-,-,-,-,-,21,7,14,21,7,14,-,-,-,-,-,-,-,-,-,36,13,23,36,13,23,-,-,-,-,-,-,-,-,-
100學年,基隆市,-,-,-,-,-,-,-,-,-,-,-,-,-,-,-,140,34,106,47,6,41,-,-,-,40,10,30,53,18,35,79,23,56,54,17,37,-,-,-,-,-,-,25,6,19
100學年,新竹市,-,-,-,-,-,-,-,-,-,-,-,-,-,-,-,220,44,176,79,13,66,-,-,-,43,3,40,98,28,70,48,15,33,48,15,33,-,-,-,-,-,-,-,-,-
100學年,嘉義市,-,-,-,-,-,-,-,-,-,-,-,-,-,-,-,140,43,97,49,17,32,-,-,-,-,-,-,91,26,65,134,44,90,100,31,69,-,-,-,-,-,-,34,13,21
100學年,金門縣,-,-,-,-,-,-,-,-,-,-,-,-,-,-,-,20,8,12,20,8,12,-,-,-,-,-,-,-,-,-,34,22,12,34,22,12,-,-,-,-,-,-,-,-,-
100學年,連江縣,-,-,-,-,-,-,-,-,-,-,-,-,-,-,-,15,8,7,15,8,7,-,-,-,-,-,-,-,-,-,-,-,-,-,-,-,-,-,-,-,-,-,-,-,-
99學年,總計,-,-,-,-,-,-,-,-,-,-,-,-,-,-,-,6668,1827,4841,1895,484,1411,863,178,685,845,192,653,3065,973,2092,4073,1565,2508,2183,905,1278,434,167,267,21,7,14,1435,486,949
99學年,臺北市,-,-,-,-,-,-,-,-,-,-,-,-,-,-,-,1122,271,851,65,11,54,660,139,521,-,-,-,397,121,276,472,173,299,-,-,-,278,113,165,-,-,-,194,60,134
99學年,高雄市,-,-,-,-,-,-,-,-,-,-,-,-,-,-,-,374,89,285,34,8,26,203,39,164,-,-,-,137,42,95,279,86,193,-,-,-,156,54,102,-,-,-,123,32,91
99學年,臺北縣,-,-,-,-,-,-,-,-,-,-,-,-,-,-,-,772,198,574,183,43,140,-,-,-,231,48,183,358,107,251,421,141,280,138,56,82,-,-,-,21,7,14,262,78,184
99學年,宜蘭縣,-,-,-,-,-,-,-,-,-,-,-,-,-,-,-,135,47,88,62,13,49,-,-,-,8,2,6,65,32,33,122,43,79,122,43,79,-,-,-,-,-,-,-,-,-
99學年,桃園縣,-,-,-,-,-,-,-,-,-,-,-,-,-,-,-,522,117,405,141,20,121,-,-,-,72,17,55,309,80,229,192,70,122,110,38,72,-,-,-,-,-,-,82,32,50
99學年,新竹縣,-,-,-,-,-,-,-,-,-,-,-,-,-,-,-,166,61,105,68,20,48,-,-,-,14,2,12,84,39,45,15,6,9,-,-,-,-,-,-,-,-,-,15,6,9
99學年,苗栗縣,-,-,-,-,-,-,-,-,-,-,-,-,-,-,-,193,74,119,87,29,58,-,-,-,31,10,21,75,35,40,146,71,75,83,42,41,-,-,-,-,-,-,63,29,34
99學年,臺中縣,-,-,-,-,-,-,-,-,-,-,-,-,-,-,-,562,146,416,85,16,69,-,-,-,80,19,61,397,111,286,160,69,91,160,69,91,-,-,-,-,-,-,-,-,-
99學年,彰化縣,-,-,-,-,-,-,-,-,-,-,-,-,-,-,-,219,59,160,117,37,80,-,-,-,39,8,31,63,14,49,334,134,200,238,104,134,-,-,-,-,-,-,96,30,66
99學年,南投縣,-,-,-,-,-,-,-,-,-,-,-,-,-,-,-,224,91,133,95,32,63,-,-,-,15,5,10,114,54,60,141,58,83,118,51,67,-,-,-,-,-,-,23,7,16
99學年,雲林縣,-,-,-,-,-,-,-,-,-,-,-,-,-,-,-,207,68,139,59,18,41,-,-,-,31,10,21,117,40,77,184,83,101,127,58,69,-,-,-,-,-,-,57,25,32
99學年,嘉義縣,-,-,-,-,-,-,-,-,-,-,-,-,-,-,-,77,30,47,36,15,21,-,-,-,14,4,10,27,11,16,92,38,54,25,9,16,-,-,-,-,-,-,67,29,38
99學年,臺南縣,-,-,-,-,-,-,-,-,-,-,-,-,-,-,-,290,79,211,159,47,112,-,-,-,25,4,21,106,28,78,269,120,149,227,104,123,-,-,-,-,-,-,42,16,26
99學年,高雄縣,-,-,-,-,-,-,-,-,-,-,-,-,-,-,-,204,55,149,80,16,64,-,-,-,75,22,53,49,17,32,245,99,146,101,46,55,-,-,-,-,-,-,144,53,91
99學年,屏東縣,-,-,-,-,-,-,-,-,-,-,-,-,-,-,-,167,49,118,83,23,60,-,-,-,38,7,31,46,19,27,195,82,113,147,72,75,-,-,-,-,-,-,48,10,38
99學年,臺東縣,-,-,-,-,-,-,-,-,-,-,-,-,-,-,-,68,27,41,55,18,37,-,-,-,9,6,3,4,3,1,81,28,53,54,20,34,-,-,-,-,-,-,27,8,19
99學年,花蓮縣,-,-,-,-,-,-,-,-,-,-,-,-,-,-,-,140,47,93,54,19,35,-,-,-,16,4,12,70,24,46,138,49,89,103,40,63,-,-,-,-,-,-,35,9,26
99學年,澎湖縣,-,-,-,-,-,-,-,-,-,-,-,-,-,-,-,20,7,13,20,7,13,-,-,-,-,-,-,-,-,-,38,14,24,38,14,24,-,-,-,-,-,-,-,-,-
99學年,基隆市,-,-,-,-,-,-,-,-,-,-,-,-,-,-,-,137,34,103,47,4,43,-,-,-,37,12,25,53,18,35,82,25,57,58,19,39,-,-,-,-,-,-,24,6,18
99學年,新竹市,-,-,-,-,-,-,-,-,-,-,-,-,-,-,-,225,45,180,81,13,68,-,-,-,45,4,41,99,28,71,48,15,33,48,15,33,-,-,-,-,-,-,-,-,-
99學年,臺中市,-,-,-,-,-,-,-,-,-,-,-,-,-,-,-,336,93,243,108,26,82,-,-,-,46,6,40,182,61,121,144,52,92,114,40,74,-,-,-,-,-,-,30,12,18
99學年,嘉義市,-,-,-,-,-,-,-,-,-,-,-,-,-,-,-,131,35,96,50,17,33,-,-,-,-,-,-,81,18,63,139,47,92,103,33,70,-,-,-,-,-,-,36,14,22
99學年,臺南市,-,-,-,-,-,-,-,-,-,-,-,-,-,-,-,342,88,254,91,15,76,-,-,-,19,2,17,232,71,161,109,50,59,42,20,22,-,-,-,-,-,-,67,30,37
99學年,金門縣,-,-,-,-,-,-,-,-,-,-,-,-,-,-,-,20,8,12,20,8,12,-,-,-,-,-,-,-,-,-,27,12,15,27,12,15,-,-,-,-,-,-,-,-,-
99學年,連江縣,-,-,-,-,-,-,-,-,-,-,-,-,-,-,-,15,9,6,15,9,6,-,-,-,-,-,-,-,-,-,-,-,-,-,-,-,-,-,-,-,-,-,-,-,-
98學年,總計,-,-,-,-,-,-,-,-,-,-,-,-,-,-,-,6589,1784,4805,1894,468,1426,861,163,698,782,175,607,3052,978,2074,4054,1545,2509,2210,918,1292,432,155,277,22,7,15,1390,465,925
98學年,臺北市,-,-,-,-,-,-,-,-,-,-,-,-,-,-,-,1126,265,861,67,11,56,655,121,534,-,-,-,404,133,271,472,165,307,-,-,-,274,107,167,-,-,-,198,58,140
98學年,高雄市,-,-,-,-,-,-,-,-,-,-,-,-,-,-,-,369,90,279,35,8,27,206,42,164,-,-,-,128,40,88,268,78,190,-,-,-,158,48,110,-,-,-,110,30,80
98學年,臺北縣,-,-,-,-,-,-,-,-,-,-,-,-,-,-,-,776,195,581,188,40,148,-,-,-,228,45,183,360,110,250,406,131,275,140,55,85,-,-,-,22,7,15,244,69,175
98學年,宜蘭縣,-,-,-,-,-,-,-,-,-,-,-,-,-,-,-,127,37,90,62,12,50,-,-,-,9,3,6,56,22,34,125,45,80,125,45,80,-,-,-,-,-,-,-,-,-
98學年,桃園縣,-,-,-,-,-,-,-,-,-,-,-,-,-,-,-,516,126,390,141,23,118,-,-,-,59,13,46,316,90,226,182,64,118,105,34,71,-,-,-,-,-,-,77,30,47
98學年,新竹縣,-,-,-,-,-,-,-,-,-,-,-,-,-,-,-,161,54,107,67,20,47,-,-,-,12,3,9,82,31,51,14,6,8,-,-,-,-,-,-,-,-,-,14,6,8
98學年,苗栗縣,-,-,-,-,-,-,-,-,-,-,-,-,-,-,-,190,68,122,86,23,63,-,-,-,28,10,18,76,35,41,147,75,72,85,45,40,-,-,-,-,-,-,62,30,32
98學年,臺中縣,-,-,-,-,-,-,-,-,-,-,-,-,-,-,-,581,164,417,88,18,70,-,-,-,83,23,60,410,123,287,168,81,87,168,81,87,-,-,-,-,-,-,-,-,-
98學年,彰化縣,-,-,-,-,-,-,-,-,-,-,-,-,-,-,-,203,53,150,117,34,83,-,-,-,24,5,19,62,14,48,329,129,200,236,100,136,-,-,-,-,-,-,93,29,64
98學年,南投縣,-,-,-,-,-,-,-,-,-,-,-,-,-,-,-,180,70,110,89,29,60,-,-,-,15,2,13,76,39,37,140,57,83,120,53,67,-,-,-,-,-,-,20,4,16
98學年,雲林縣,-,-,-,-,-,-,-,-,-,-,-,-,-,-,-,203,62,141,58,14,44,-,-,-,25,6,19,120,42,78,180,79,101,127,55,72,-,-,-,-,-,-,53,24,29
98學年,嘉義縣,-,-,-,-,-,-,-,-,-,-,-,-,-,-,-,77,31,46,38,16,22,-,-,-,12,4,8,27,11,16,101,44,57,28,10,18,-,-,-,-,-,-,73,34,39
98學年,臺南縣,-,-,-,-,-,-,-,-,-,-,-,-,-,-,-,289,76,213,161,45,116,-,-,-,25,5,20,103,26,77,282,127,155,238,111,127,-,-,-,-,-,-,44,16,28
98學年,高雄縣,-,-,-,-,-,-,-,-,-,-,-,-,-,-,-,199,49,150,78,16,62,-,-,-,68,17,51,53,16,37,253,103,150,108,50,58,-,-,-,-,-,-,145,53,92
98學年,屏東縣,-,-,-,-,-,-,-,-,-,-,-,-,-,-,-,153,46,107,83,25,58,-,-,-,28,5,23,42,16,26,192,80,112,146,71,75,-,-,-,-,-,-,46,9,37
98學年,臺東縣,-,-,-,-,-,-,-,-,-,-,-,-,-,-,-,69,24,45,54,16,38,-,-,-,10,5,5,5,3,2,76,28,48,53,21,32,-,-,-,-,-,-,23,7,16
98學年,花蓮縣,-,-,-,-,-,-,-,-,-,-,-,-,-,-,-,133,48,85,55,20,35,-,-,-,7,3,4,71,25,46,136,47,89,102,39,63,-,-,-,-,-,-,34,8,26
98學年,澎湖縣,-,-,-,-,-,-,-,-,-,-,-,-,-,-,-,20,7,13,20,7,13,-,-,-,-,-,-,-,-,-,40,16,24,40,16,24,-,-,-,-,-,-,-,-,-
98學年,基隆市,-,-,-,-,-,-,-,-,-,-,-,-,-,-,-,137,35,102,43,4,39,-,-,-,40,13,27,54,18,36,77,19,58,55,15,40,-,-,-,-,-,-,22,4,18
98學年,新竹市,-,-,-,-,-,-,-,-,-,-,-,-,-,-,-,222,44,178,80,13,67,-,-,-,44,4,40,98,27,71,46,12,34,46,12,34,-,-,-,-,-,-,-,-,-
98學年,臺中市,-,-,-,-,-,-,-,-,-,-,-,-,-,-,-,341,94,247,110,27,83,-,-,-,43,5,38,188,62,126,139,46,93,113,37,76,-,-,-,-,-,-,26,9,17
98學年,嘉義市,-,-,-,-,-,-,-,-,-,-,-,-,-,-,-,139,42,97,51,18,33,-,-,-,-,-,-,88,24,64,142,49,93,104,35,69,-,-,-,-,-,-,38,14,24
98學年,臺南市,-,-,-,-,-,-,-,-,-,-,-,-,-,-,-,345,89,256,90,14,76,-,-,-,22,4,18,233,71,162,111,51,60,43,20,23,-,-,-,-,-,-,68,31,37
98學年,金門縣,-,-,-,-,-,-,-,-,-,-,-,-,-,-,-,18,7,11,18,7,11,-,-,-,-,-,-,-,-,-,28,13,15,28,13,15,-,-,-,-,-,-,-,-,-
98學年,連江縣,-,-,-,-,-,-,-,-,-,-,-,-,-,-,-,15,8,7,15,8,7,-,-,-,-,-,-,-,-,-,-,-,-,-,-,-,-,-,-,-,-,-,-,-,-
97學年,總計,-,-,-,-,-,-,-,-,-,-,-,-,-,-,-,6476,1723,4753,1890,469,1421,876,159,717,720,157,563,2990,938,2052,4046,1510,2536,2196,898,1298,439,157,282,20,6,14,1391,449,942
97學年,臺北市,-,-,-,-,-,-,-,-,-,-,-,-,-,-,-,1142,251,891,64,9,55,672,114,558,-,-,-,406,128,278,496,164,332,-,-,-,287,107,180,-,-,-,209,57,152
97學年,高雄市,-,-,-,-,-,-,-,-,-,-,-,-,-,-,-,377,97,280,36,7,29,204,45,159,-,-,-,137,45,92,271,80,191,-,-,-,152,50,102,-,-,-,119,30,89
97學年,臺北縣,-,-,-,-,-,-,-,-,-,-,-,-,-,-,-,747,186,561,189,37,152,-,-,-,204,46,158,354,103,251,403,131,272,142,57,85,-,-,-,20,6,14,241,68,173
97學年,宜蘭縣,-,-,-,-,-,-,-,-,-,-,-,-,-,-,-,119,39,80,61,12,49,-,-,-,9,3,6,49,24,25,125,43,82,125,43,82,-,-,-,-,-,-,-,-,-
97學年,桃園縣,-,-,-,-,-,-,-,-,-,-,-,-,-,-,-,494,121,373,143,23,120,-,-,-,41,8,33,310,90,220,179,62,117,105,35,70,-,-,-,-,-,-,74,27,47
97學年,新竹縣,-,-,-,-,-,-,-,-,-,-,-,-,-,-,-,165,56,109,68,18,50,-,-,-,12,3,9,85,35,50,14,6,8,-,-,-,-,-,-,-,-,-,14,6,8
97學年,苗栗縣,-,-,-,-,-,-,-,-,-,-,-,-,-,-,-,188,68,120,87,24,63,-,-,-,29,11,18,72,33,39,150,72,78,85,41,44,-,-,-,-,-,-,65,31,34
97學年,臺中縣,-,-,-,-,-,-,-,-,-,-,-,-,-,-,-,567,157,410,85,18,67,-,-,-,79,20,59,403,119,284,161,74,87,161,74,87,-,-,-,-,-,-,-,-,-
97學年,彰化縣,-,-,-,-,-,-,-,-,-,-,-,-,-,-,-,202,55,147,115,35,80,-,-,-,24,5,19,63,15,48,326,126,200,235,97,138,-,-,-,-,-,-,91,29,62
97學年,南投縣,-,-,-,-,-,-,-,-,-,-,-,-,-,-,-,131,41,90,90,30,60,-,-,-,14,1,13,27,10,17,131,52,79,114,49,65,-,-,-,-,-,-,17,3,14
97學年,雲林縣,-,-,-,-,-,-,-,-,-,-,-,-,-,-,-,189,65,124,59,16,43,-,-,-,26,8,18,104,41,63,184,78,106,125,54,71,-,-,-,-,-,-,59,24,35
97學年,嘉義縣,-,-,-,-,-,-,-,-,-,-,-,-,-,-,-,71,24,47,36,14,22,-,-,-,8,-,8,27,10,17,97,41,56,27,12,15,-,-,-,-,-,-,70,29,41
97學年,臺南縣,-,-,-,-,-,-,-,-,-,-,-,-,-,-,-,291,76,215,161,45,116,-,-,-,25,6,19,105,25,80,276,127,149,236,113,123,-,-,-,-,-,-,40,14,26
97學年,高雄縣,-,-,-,-,-,-,-,-,-,-,-,-,-,-,-,198,39,159,75,15,60,-,-,-,66,11,55,57,13,44,251,102,149,105,50,55,-,-,-,-,-,-,146,52,94
97學年,屏東縣,-,-,-,-,-,-,-,-,-,-,-,-,-,-,-,153,43,110,84,24,60,-,-,-,27,4,23,42,15,27,189,73,116,143,64,79,-,-,-,-,-,-,46,9,37
97學年,臺東縣,-,-,-,-,-,-,-,-,-,-,-,-,-,-,-,67,22,45,55,18,37,-,-,-,7,1,6,5,3,2,74,26,48,55,20,35,-,-,-,-,-,-,19,6,13
97學年,花蓮縣,-,-,-,-,-,-,-,-,-,-,-,-,-,-,-,137,49,88,56,22,34,-,-,-,9,3,6,72,24,48,131,46,85,103,39,64,-,-,-,-,-,-,28,7,21
97學年,澎湖縣,-,-,-,-,-,-,-,-,-,-,-,-,-,-,-,21,7,14,21,7,14,-,-,-,-,-,-,-,-,-,40,16,24,40,16,24,-,-,-,-,-,-,-,-,-
97學年,基隆市,-,-,-,-,-,-,-,-,-,-,-,-,-,-,-,139,41,98,43,7,36,-,-,-,40,15,25,56,19,37,80,20,60,59,16,43,-,-,-,-,-,-,21,4,17
97學年,新竹市,-,-,-,-,-,-,-,-,-,-,-,-,-,-,-,218,44,174,78,12,66,-,-,-,44,6,38,96,26,70,46,13,33,46,13,33,-,-,-,-,-,-,-,-,-
97學年,臺中市,-,-,-,-,-,-,-,-,-,-,-,-,-,-,-,344,94,250,109,25,84,-,-,-,36,3,33,199,66,133,139,46,93,113,37,76,-,-,-,-,-,-,26,9,17
97學年,嘉義市,-,-,-,-,-,-,-,-,-,-,-,-,-,-,-,137,39,98,50,17,33,-,-,-,-,-,-,87,22,65,142,49,93,104,35,69,-,-,-,-,-,-,38,14,24
97學年,臺南市,-,-,-,-,-,-,-,-,-,-,-,-,-,-,-,345,91,254,91,16,75,-,-,-,20,3,17,234,72,162,111,49,62,43,19,24,-,-,-,-,-,-,68,30,38
97學年,金門縣,-,-,-,-,-,-,-,-,-,-,-,-,-,-,-,19,9,10,19,9,10,-,-,-,-,-,-,-,-,-,30,14,16,30,14,16,-,-,-,-,-,-,-,-,-
97學年,連江縣,-,-,-,-,-,-,-,-,-,-,-,-,-,-,-,15,9,6,15,9,6,-,-,-,-,-,-,-,-,-,-,-,-,-,-,-,-,-,-,-,-,-,-,-,-
""
